<?xml version="1.0" encoding="UTF-8"?>
<project-private xmlns="http://www.netbeans.org/ns/project-private/1">
    <editor-bookmarks xmlns="http://www.netbeans.org/ns/editor-bookmarks/2" lastBookmarkId="0"/>
    <open-files xmlns="http://www.netbeans.org/ns/projectui-open-files/2">
        <group>
            <file>file:/C:/Users/no_de/OneDrive/Escritorio/Argentina%20Programa%204.0%20FullStack%20EggCorporation/Guia3/Guia3EjercicioEXTRAS/src/guia3ejercicioextras/Guia3EjerEXTRAS_10.java</file>
            <file>file:/C:/Users/no_de/OneDrive/Escritorio/Argentina%20Programa%204.0%20FullStack%20EggCorporation/Guia3/Guia3EjercicioEXTRAS/src/guia3ejercicioextras/Guia3EjerEXTRAS_12.java</file>
            <file>file:/C:/Users/no_de/OneDrive/Escritorio/Argentina%20Programa%204.0%20FullStack%20EggCorporation/Guia3/Guia3EjercicioEXTRAS/src/guia3ejercicioextras/Guia3EjerEXTRAS_7.java</file>
            <file>file:/C:/Users/no_de/OneDrive/Escritorio/Argentina%20Programa%204.0%20FullStack%20EggCorporation/Guia3/Guia3EjercicioEXTRAS/src/guia3ejercicioextras/Guia3EjerEXTRAS_8.java</file>
            <file>file:/C:/Users/no_de/OneDrive/Escritorio/Argentina%20Programa%204.0%20FullStack%20EggCorporation/Guia3/Guia3EjercicioEXTRAS/src/guia3ejercicioextras/Guia3EjerEXTRAS_5.java</file>
        </group>
    </open-files>
</project-private>
