<?xml version="1.0" encoding="UTF-8"?>
<project-private xmlns="http://www.netbeans.org/ns/project-private/1">
    <editor-bookmarks xmlns="http://www.netbeans.org/ns/editor-bookmarks/2" lastBookmarkId="0"/>
    <open-files xmlns="http://www.netbeans.org/ns/projectui-open-files/2">
        <group>
            <file>file:/C:/Users/ecuad/OneDrive/Universidad%20de%20Cuenca/Lenguajes%20de%20programacion/Trabajo%20Final/AplicacionAmarres/src/GUI/frmAlquilarAmarres.java</file>
            <file>file:/C:/Users/ecuad/OneDrive/Universidad%20de%20Cuenca/Lenguajes%20de%20programacion/Trabajo%20Final/AplicacionAmarres/src/GUI/BackgroundImage.java</file>
            <file>file:/C:/Users/ecuad/OneDrive/Universidad%20de%20Cuenca/Lenguajes%20de%20programacion/Trabajo%20Final/AplicacionAmarres/src/GUI/frmListarAlquileres.java</file>
            <file>file:/C:/Users/ecuad/OneDrive/Universidad%20de%20Cuenca/Lenguajes%20de%20programacion/Trabajo%20Final/AplicacionAmarres/src/Main/Serializacion.scala</file>
            <file>file:/C:/Users/ecuad/OneDrive/Universidad%20de%20Cuenca/Lenguajes%20de%20programacion/Trabajo%20Final/AplicacionAmarres/src/Clases/Veleros.scala</file>
            <file>file:/C:/Users/ecuad/OneDrive/Universidad%20de%20Cuenca/Lenguajes%20de%20programacion/Trabajo%20Final/AplicacionAmarres/src/Main/ManejoPuertoBarquero.scala</file>
            <file>file:/C:/Users/ecuad/OneDrive/Universidad%20de%20Cuenca/Lenguajes%20de%20programacion/Trabajo%20Final/AplicacionAmarres/src/Clases/Yates.scala</file>
            <file>file:/C:/Users/ecuad/OneDrive/Universidad%20de%20Cuenca/Lenguajes%20de%20programacion/Trabajo%20Final/AplicacionAmarres/src/GUI/frmAcercade.java</file>
            <file>file:/C:/Users/ecuad/OneDrive/Universidad%20de%20Cuenca/Lenguajes%20de%20programacion/Trabajo%20Final/AplicacionAmarres/src/Clases/Alquiler.scala</file>
            <file>file:/C:/Users/ecuad/OneDrive/Universidad%20de%20Cuenca/Lenguajes%20de%20programacion/Trabajo%20Final/AplicacionAmarres/src/GUI/frmBuscarCliente.java</file>
            <file>file:/C:/Users/ecuad/OneDrive/Universidad%20de%20Cuenca/Lenguajes%20de%20programacion/Trabajo%20Final/AplicacionAmarres/src/Main/Main.scala</file>
            <file>file:/C:/Users/ecuad/OneDrive/Universidad%20de%20Cuenca/Lenguajes%20de%20programacion/Trabajo%20Final/AplicacionAmarres/src/GUI/frmBuscarBarco.java</file>
            <file>file:/C:/Users/ecuad/OneDrive/Universidad%20de%20Cuenca/Lenguajes%20de%20programacion/Trabajo%20Final/AplicacionAmarres/src/GUI/frmAgregarCliente.java</file>
            <file>file:/C:/Users/ecuad/OneDrive/Universidad%20de%20Cuenca/Lenguajes%20de%20programacion/Trabajo%20Final/AplicacionAmarres/src/GUI/frmAplicacionPrincipal.java</file>
            <file>file:/C:/Users/ecuad/OneDrive/Universidad%20de%20Cuenca/Lenguajes%20de%20programacion/Trabajo%20Final/AplicacionAmarres/src/Clases/Cliente.scala</file>
            <file>file:/C:/Users/ecuad/OneDrive/Universidad%20de%20Cuenca/Lenguajes%20de%20programacion/Trabajo%20Final/AplicacionAmarres/src/Clases/DeportivosMotor.scala</file>
            <file>file:/C:/Users/ecuad/OneDrive/Universidad%20de%20Cuenca/Lenguajes%20de%20programacion/Trabajo%20Final/AplicacionAmarres/src/GUI/frmListarBarcos.java</file>
            <file>file:/C:/Users/ecuad/OneDrive/Universidad%20de%20Cuenca/Lenguajes%20de%20programacion/Trabajo%20Final/AplicacionAmarres/src/GUI/imagenes/fondoPantalla.jpg</file>
            <file>file:/C:/Users/ecuad/OneDrive/Universidad%20de%20Cuenca/Lenguajes%20de%20programacion/Trabajo%20Final/AplicacionAmarres/src/GUI/frmAgregarBarco.java</file>
            <file>file:/C:/Users/ecuad/OneDrive/Universidad%20de%20Cuenca/Lenguajes%20de%20programacion/Trabajo%20Final/AplicacionAmarres/src/Clases/Fecha.scala</file>
            <file>file:/C:/Users/ecuad/OneDrive/Universidad%20de%20Cuenca/Lenguajes%20de%20programacion/Trabajo%20Final/AplicacionAmarres/src/GUI/frmListarClientes.java</file>
            <file>file:/C:/Users/ecuad/OneDrive/Universidad%20de%20Cuenca/Lenguajes%20de%20programacion/Trabajo%20Final/AplicacionAmarres/src/Clases/Barco.scala</file>
            <file>file:/C:/Users/ecuad/OneDrive/Universidad%20de%20Cuenca/Lenguajes%20de%20programacion/Trabajo%20Final/AplicacionAmarres/src/GUI/frmReciboAlquiler.java</file>
        </group>
    </open-files>
</project-private>
